{
  "name": "DigiCarpice",
  "vendorId": "0x04D8",
  "productId": "0xE79A",
  "matrix": {
    "rows": 5,
    "cols": 15
  },
  "layouts": {
    "labels": [
      [
        "Backspace",
        "Unified",
        "Split"
      ]
    ],
    "keymap": [
      [
        {
          "y": 0.08,
          "x": 2.37,
          "c": "#777777"
        },
        "0,0",
        {
          "c": "#cccccc"
        },
        "0,1",
        {
          "x": 9.759999999999998
        },
        "0,11",
        "0,12",
        {
          "c": "#777777",
          "w": 2
        },
        "0,13\n\n\n0,0",
        {
          "x": 0.25,
          "c": "#aaaaaa"
        },
        "0,14",
        {
          "x": 0.5
        },
        "0,13\n\n\n0,1",
        "2,12\n\n\n0,1"
      ],
      [
        {
          "x": 2.24,
          "w": 1.5
        },
        "1,0",
        {
          "c": "#cccccc"
        },
        "1,1",
        {
          "x": 9.01
        },
        "1,10",
        "1,11",
        "1,12",
        {
          "w": 1.5
        },
        "1,13",
        {
          "x": 0.25,
          "c": "#aaaaaa"
        },
        "1,14"
      ],
      [
        {
          "x": 2.1,
          "w": 1.75
        },
        "2,0",
        {
          "c": "#cccccc"
        },
        "2,1",
        {
          "x": 9.31
        },
        "2,10",
        "2,11",
        {
          "c": "#777777",
          "w": 2.25
        },
        "2,13",
        {
          "x": 0.25,
          "c": "#aaaaaa"
        },
        "2,14"
      ],
      [
        {
          "x": 1.95,
          "w": 2.25
        },
        "3,0",
        {
          "c": "#cccccc"
        },
        "3,1",
        {
          "x": 8.620000000000001
        },
        "3,10",
        "3,11",
        {
          "c": "#aaaaaa",
          "w": 1.75
        },
        "3,12"
      ],
      [
        {
          "y": -0.75,
          "x": 17.82
        },
        "3,13"
      ],
      [
        {
          "y": -0.25,
          "x": 2.1,
          "w": 1.25
        },
        "4,0",
        {
          "w": 1.25
        },
        "4,1",
        {
          "x": 10.72,
          "w": 1.25
        },
        "4,11"
      ],
      [
        {
          "y": -0.75,
          "x": 16.82
        },
        "4,12",
        "4,13",
        "4,14"
      ],
      [
        {
          "r": 8,
          "rx": 4.5,
          "c": "#cccccc"
        },
        "0,2",
        "0,3",
        "0,4",
        "0,5",
        "0,6"
      ],
      [
        {
          "x": 0.5
        },
        "1,2",
        "1,3",
        "1,4",
        "1,5"
      ],
      [
        {
          "x": 0.75
        },
        "2,2",
        "2,3",
        "2,4",
        "2,5"
      ],
      [
        {
          "x": 1.25
        },
        "3,2",
        "3,3",
        "3,4",
        "3,5"
      ],
      [
        {
          "x": 1.75,
          "c": "#aaaaaa",
          "w": 1.25
        },
        "4,2",
        {
          "c": "#cccccc",
          "w": 2.25
        },
        "4,4"
      ],
      [
        {
          "r": -8,
          "rx": 14.5,
          "x": -4.5
        },
        "0,7",
        "0,8",
        "0,9",
        "0,10"
      ],
      [
        {
          "x": -5
        },
        "1,6",
        "1,7",
        "1,8",
        "1,9"
      ],
      [
        {
          "x": -4.75
        },
        "2,6",
        "2,7",
        "2,8",
        "2,9"
      ],
      [
        {
          "x": -5.25
        },
        "3,6",
        "3,7",
        "3,8",
        "3,9"
      ],
      [
        {
          "x": -5.25,
          "w": 2.75
        },
        "4,7",
        {
          "c": "#aaaaaa",
          "w": 1.25
        },
        "4,9"
      ]
    ]
  }
}
