{
  "name": "Yuri",
  "vendorId": "0x9624",
  "productId": "0x0003",
  "lighting": "none",
  "matrix": {"rows": 4, "cols": 14},
  "layouts": {
    "keymap": [
      [
        {
          "y": 3.55,
          "x": 14.25
        },
        "0,11"
      ],
      [
        {
          "y": -0.9500000000000002,
          "x": 2.05
        },
        "0,0",
        {
          "x": 0.25
        },
        "0,1",
        "0,2",
        {
          "x": 9.95
        },
        "0,12",
        "0,13"
      ],
      [
        {
          "x": 1.85
        },
        "1,0",
        {
          "x": 0.25,
          "w": 1.25
        },
        "1,1",
        "1,2",
        {
          "x": 9.35
        },
        "1,11",
        {
          "w": 1.75
        },
        "1,12"
      ],
      [
        {
          "x": 1.7
        },
        "2,0",
        {
          "x": 0.25,
          "w": 1.75
        },
        "2,1",
        "2,2",
        {
          "x": 8.650000000000002
        },
        "2,11",
        "2,12",
        {
          "w": 1.25
        },
        "2,13"
      ],
      [
        {
          "x": 2.95,
          "w": 1.5
        },
        "3,1",
        {
          "w": 1.25
        },
        "3,2",
        {
          "x": 8.900000000000002,
          "w": 1.25
        },
        "3,12",
        {
          "w": 1.5
        },
        "3,13"
      ],
      [
        {
          "r": 10,
          "y": -5.1,
          "x": 6
        },
        "0,3",
        "0,4",
        "0,5",
        "0,6"
      ],
      [
        {
          "x": 6.25
        },
        "1,3",
        "1,4",
        "1,5",
        "1,6"
      ],
      [
        {
          "x": 6.75
        },
        "2,3",
        "2,4",
        "2,5",
        "2,6"
      ],
      [
        {
          "x": 7,
          "w": 1.5
        },
        "3,3",
        {
          "w": 2.25
        },
        "3,5"
      ],
      [
        {
          "r": -10,
          "y": -0.5,
          "x": 9.25
        },
        "0,7",
        "0,8",
        "0,9",
        "0,10"
      ],
      [
        {
          "x": 9.5
        },
        "1,7",
        "1,8",
        "1,9",
        "1,10"
      ],
      [
        {
          "x": 9
        },
        "2,7",
        "2,8",
        "2,9",
        "2,10"
      ],
      [
        {
          "x": 9,
          "w": 2.75
        },
        "3,8",
        {
          "w": 1.25
        },
        "3,10"
      ]
    ]
  }
}
