{
  "name": "AliceKK",
  "vendorId": "0x7BA1",
  "productId": "0x3201",
  "keycodes": ["qmk_lighting"],
  "menus": ["qmk_rgblight"],
  "matrix": {"rows": 5, "cols": 15},
  "layouts": {
    "labels": [
      "Knob"
    ],
    "keymap": [
      [
        {
          "x": 0.55
        },
        "0,0\n\n\n0,1\n\n\n\n\n\ne0"
      ],
      [
        {
          "y": 0.1499999999999999,
          "x": 0.55
        },
        "0,0\n\n\n0,0",
        {
          "x": 2.1500000000000004
        },
        "0,3",
        {
          "x": 8.55
        },
        "0,12"
      ],
      [
        {
          "y": -0.8999999999999999,
          "x": 1.7
        },
        "0,1",
        "0,2",
        {
          "x": 10.55
        },
        "0,13",
        {
          "w": 2
        },
        "0,14"
      ],
      [
        {
          "y": -0.10000000000000009,
          "x": 0.35
        },
        "1,0"
      ],
      [
        {
          "y": -0.9499999999999997,
          "x": 12.95
        },
        "1,11"
      ],
      [
        {
          "y": -0.9500000000000002,
          "x": 1.5,
          "w": 1.5
        },
        "1,1",
        "1,2",
        {
          "x": 9.95
        },
        "1,12",
        "1,13",
        {
          "w": 1.5
        },
        "1,14"
      ],
      [
        {
          "y": -0.10000000000000009,
          "x": 0.15
        },
        "2,0"
      ],
      [
        {
          "y": -0.9000000000000004,
          "x": 1.3,
          "w": 1.75
        },
        "2,1",
        "2,2",
        {
          "x": 9.350000000000001
        },
        "2,11",
        {
          "x": -1.7763568394002505e-15
        },
        "2,12",
        {
          "w": 2.25
        },
        "2,14"
      ],
      [
        {
          "x": 1.1,
          "w": 2.25
        },
        "3,1",
        "3,2",
        {
          "x": 8.75
        },
        "3,11",
        "3,12",
        "3,13",
        {
          "w": 1.75
        },
        "3,14"
      ],
      [
        {
          "x": 1.1,
          "w": 1.25
        },
        "4,1",
        {
          "w": 1.25
        },
        "4,2",
        {
          "x": 10.5
        },
        "4,12",
        "4,13",
        "4,14"
      ],
      [
        {
          "r": 12,
          "y": -6,
          "x": 5
        },
        "0,4",
        "0,5",
        "0,6",
        "0,7"
      ],
      [
        {
          "x": 4.5
        },
        "1,3",
        "1,4",
        "1,5",
        "1,6"
      ],
      [
        {
          "x": 4.8
        },
        "2,3",
        "2,4",
        "2,5",
        "2,6"
      ],
      [
        {
          "x": 5.3
        },
        "3,3",
        "3,4",
        "3,5",
        "3,6"
      ],
      [
        {
          "x": 5.85,
          "w": 1.25
        },
        "4,4",
        {
          "w": 2.25
        },
        "4,5"
      ],
      [
        {
          "r": -12,
          "y": -1.4,
          "x": 8.55
        },
        "0,8",
        "0,9",
        "0,10",
        "0,11"
      ],
      [
        {
          "x": 8.05
        },
        "1,7",
        "1,8",
        "1,9",
        "1,10"
      ],
      [
        {
          "x": 8.2
        },
        "2,7",
        "2,8",
        "2,9",
        "2,10"
      ],
      [
        {
          "x": 7.75
        },
        "3,7",
        "3,8",
        "3,9",
        "3,10"
      ],
      [
        {
          "x": 7.75,
          "w": 2.75
        },
        "4,8",
        {
          "w": 1.25
        },
        "4,10"
      ]
    ]
  }
}
