{
  "name": "Yeti RGB",
  "vendorId": "0x525C",
  "productId": "0x9F9E",
  "matrix": {
    "rows": 5,
    "cols": 15
  },
  "keycodes": [
    "qmk_lighting"
  ],
  "layouts": {
    "keymap": [
      [
        {
          "y": 0.0185,
          "x": 0.4445,
          "c": "#aaaaaa"
        },
        "0,0",
        {
          "x": 2.1806,
          "c": "#cccccc"
        },
        "0,3",
        {
          "x": 8.4549
        },
        "0,12"
      ],
      [
        {
          "y": -0.8885,
          "x": 15.08,
          "c": "#aaaaaa",
          "w": 2
        },
        "0,14"
      ],
      [
        {
          "y": -0.9996,
          "x": 14.0823,
          "c": "#cccccc"
        },
        "0,13"
      ],
      [
        {
          "y": -0.9998,
          "x": 2.6484
        },
        "0,2"
      ],
      [
        {
          "y": -0.9999,
          "x": 1.6506,
          "c": "#777777"
        },
        "0,1"
      ],
      [
        {
          "y": -0.11430000000000007,
          "x": 0.2262,
          "c": "#aaaaaa"
        },
        "1,0"
      ],
      [
        {
          "y": -0.9463999999999999,
          "x": 12.8,
          "c": "#cccccc"
        },
        "1,11"
      ],
      [
        {
          "y": -0.9414000000000002,
          "x": 13.8015
        },
        "1,12",
        {
          "x": 0.9962,
          "w": 1.5
        },
        "1,14"
      ],
      [
        {
          "y": -0.9999,
          "x": 14.7998
        },
        "1,13"
      ],
      [
        {
          "y": -0.9999,
          "x": 2.9292
        },
        "1,2"
      ],
      [
        {
          "y": -0.9997,
          "x": 1.4317,
          "c": "#aaaaaa",
          "w": 1.5
        },
        "1,1"
      ],
      [
        {
          "y": -0.11439999999999984
        },
        "2,0"
      ],
      [
        {
          "y": -0.8881000000000001,
          "x": 15.2718,
          "c": "#777777",
          "w": 2.25
        },
        "2,14"
      ],
      [
        {
          "y": -0.9998,
          "x": 1.2183,
          "c": "#aaaaaa",
          "w": 1.75
        },
        "2,1",
        {
          "x": 10.308700000000002,
          "c": "#cccccc"
        },
        "2,11"
      ],
      [
        {
          "y": -0.9999000000000002,
          "x": 2.9659
        },
        "2,2",
        {
          "x": 10.3093
        },
        "2,12"
      ],
      [
        {
          "y": -0.0019999999999997797,
          "x": 3.2462
        },
        "3,2"
      ],
      [
        {
          "y": -0.9999000000000002,
          "x": 12.9967
        },
        "3,11",
        {
          "x": -0.0024999999999995026
        },
        "3,12",
        {
          "x": -0.0024999999999995026,
          "c": "#aaaaaa",
          "w": 2.75
        },
        "3,14"
      ],
      [
        {
          "y": -0.9996,
          "x": 0.9996,
          "w": 2.25
        },
        "3,1"
      ],
      [
        {
          "y": -0.002500000000000391,
          "x": 1.0005,
          "w": 1.5
        },
        "4,1"
      ],
      [
        {
          "y": -0.9973000000000001,
          "x": 16.0468,
          "w": 1.5
        },
        "4,14"
      ],
      [
        {
          "r": 12,
          "rx": 3.9386,
          "ry": 4.109,
          "w": 1.5
        },
        "4,3"
      ],
      [
        {
          "rx": 4.6991,
          "ry": 0.2258,
          "y": -0.093,
          "x": 0.11490000000000045,
          "c": "#cccccc"
        },
        "0,4",
        "0,5",
        "0,6",
        "0,7"
      ],
      [
        {
          "y": -0.0027999999999999137,
          "x": -0.4490999999999996
        },
        "1,3",
        "1,4",
        "1,5",
        "1,6"
      ],
      [
        {
          "x": -0.1990999999999996
        },
        "2,3",
        "2,4",
        "2,5",
        "2,6"
      ],
      [
        {
          "x": 0.3009000000000004
        },
        "3,3",
        "3,4",
        "3,5",
        "3,6"
      ],
      [
        {
          "rx": 5.4334,
          "ry": 4.3492,
          "w": 2.25
        },
        "4,5"
      ],
      [
        {
          "rx": 7.6342,
          "ry": 4.817,
          "c": "#aaaaaa"
        },
        "4,6"
      ],
      [
        {
          "r": -12,
          "rx": 9.0102,
          "ry": 0.8597,
          "c": "#cccccc"
        },
        "0,8",
        "0,9",
        "0,10",
        "0,11"
      ],
      [
        {
          "y": 0.00029999999999996696,
          "x": -0.5001999999999995
        },
        "1,7",
        "1,8",
        "1,9",
        "1,10"
      ],
      [
        {
          "x": -0.25019999999999953
        },
        "2,7",
        "2,8",
        "2,9",
        "2,10"
      ],
      [
        {
          "x": -0.7501999999999995
        },
        "3,7",
        "3,8",
        "3,9",
        "3,10"
      ],
      [
        {
          "rx": 9.1085,
          "ry": 4.9223,
          "w": 2.75
        },
        "4,8"
      ],
      [
        {
          "rx": 11.8366,
          "ry": 4.4209,
          "c": "#aaaaaa",
          "w": 1.5
        },
        "4,10"
      ]
    ]
  }
}
