{
  "name": "Djinn",
  "vendorId": "0x1209",
  "productId": "0x4919",
  "matrix": {
    "rows": 12,
    "cols": 7
  },
  "menus": [
    "qmk_rgb_matrix"
  ],
  "layouts": {
    "keymap": [
      [
        {
          "x": 3
        },
        "0,3",
        {
          "x": 8
        },
        "6,3"
      ],
      [
        {
          "y": -0.87,
          "x": 4
        },
        "0,4",
        {
          "x": 6
        },
        "6,4"
      ],
      [
        {
          "y": -0.7499999999999999,
          "x": 2
        },
        "0,2",
        {
          "x": 10
        },
        "6,2"
      ],
      [
        {
          "y": -0.8799999999999999,
          "x": 5
        },
        "0,5",
        {
          "x": 4
        },
        "6,5"
      ],
      [
        {
          "y": -0.87,
          "x": 1
        },
        "0,1",
        {
          "x": 12
        },
        "6,1"
      ],
      [
        {
          "y": -0.7499999999999999
        },
        "0,0",
        {
          "x": 14
        },
        "6,0"
      ],
      [
        {
          "y": -0.8799999999999999,
          "x": 3
        },
        "1,3",
        {
          "x": 2
        },
        "0,6",
        {
          "x": 2
        },
        "6,6",
        {
          "x": 2
        },
        "7,3"
      ],
      [
        {
          "y": -0.8700000000000001,
          "x": 4
        },
        "1,4",
        {
          "x": 6
        },
        "7,4"
      ],
      [
        {
          "y": -0.75,
          "x": 2
        },
        "1,2",
        {
          "x": 10
        },
        "7,2"
      ],
      [
        {
          "y": -0.8799999999999999,
          "x": 5
        },
        "1,5",
        {
          "x": 4
        },
        "7,5"
      ],
      [
        {
          "y": -0.8700000000000001,
          "x": 1
        },
        "1,1",
        {
          "x": 12
        },
        "7,1"
      ],
      [
        {
          "y": -0.75
        },
        "1,0",
        {
          "x": 14
        },
        "7,0"
      ],
      [
        {
          "y": -0.8799999999999999,
          "x": 3
        },
        "2,3",
        {
          "x": 2
        },
        "1,6",
        {
          "x": 2
        },
        "7,6",
        {
          "x": 2
        },
        "8,3"
      ],
      [
        {
          "y": -0.8700000000000001,
          "x": 4
        },
        "2,4",
        {
          "x": 6
        },
        "8,4"
      ],
      [
        {
          "y": -0.75,
          "x": 2
        },
        "2,2",
        {
          "x": 10
        },
        "8,2"
      ],
      [
        {
          "y": -0.8799999999999999,
          "x": 5
        },
        "2,5",
        {
          "x": 4
        },
        "8,5"
      ],
      [
        {
          "y": -0.8700000000000001,
          "x": 1
        },
        "2,1",
        {
          "x": 12
        },
        "8,1"
      ],
      [
        {
          "y": -0.75
        },
        "2,0",
        {
          "x": 14
        },
        "8,0"
      ],
      [
        {
          "y": -0.8799999999999999,
          "x": 3
        },
        "3,3",
        {
          "x": 2
        },
        "2,6",
        {
          "x": 2
        },
        "8,6",
        {
          "x": 2
        },
        "9,3"
      ],
      [
        {
          "y": -0.8700000000000001,
          "x": 4
        },
        "3,4",
        {
          "x": 6
        },
        "9,4"
      ],
      [
        {
          "y": -0.75,
          "x": 2
        },
        "3,2",
        {
          "x": 10
        },
        "9,2"
      ],
      [
        {
          "y": -0.8799999999999999,
          "x": 5
        },
        "3,5",
        {
          "x": 4
        },
        "9,5"
      ],
      [
        {
          "y": -0.8700000000000001,
          "x": 1
        },
        "3,1",
        {
          "x": 12
        },
        "9,1"
      ],
      [
        {
          "y": -0.75
        },
        "3,0",
        {
          "x": 14
        },
        "9,0"
      ],
      [
        {
          "y": -0.8799999999999999,
          "x": 6
        },
        "3,6",
        {
          "x": 2
        },
        "9,6"
      ],
      [
        {
          "y": -0.09999999999999964,
          "x": 2.5
        },
        "4,3",
        "4,4",
        {
          "x": 7
        },
        "10,4",
        "10,3"
      ],
      [
        {
          "y": -0.9000000000000004,
          "x": 1
        },
        "5,1",
        {
          "x": 12
        },
        "11,1"
      ],
      [
        {
          "y": -0.9400000000000004,
          "x": 4.5
        },
        "4,5",
        {
          "x": 5
        },
        "10,5"
      ],
      [
        {
          "y": -0.8099999999999996,
          "x": 7
        },
        "5,6\n\n\n\n\n\n\n\n\ne0",
        "11,6\n\n\n\n\n\n\n\n\ne1"
      ],
      [
        {
          "y": -0.8499999999999996,
          "x": 5.5
        },
        "4,6",
        {
          "x": 3
        },
        "10,6"
      ],
      [
        {
          "y": -0.40000000000000036
        },
        "5,2",
        "5,5",
        "5,4",
        {
          "x": 10
        },
        "11,2",
        "11,5",
        "11,4"
      ],
      [
        {
          "x": 1
        },
        "5,3",
        {
          "x": 12
        },
        "11,3"
      ]
    ]
  }
}
