{
  "name": "PH Arisu",
  "vendorId": "0x6172",
  "productId": "0x6060",
  "matrix": {
    "rows": 10,
    "cols": 8
  },
  "lighting": "none",
  "layouts": {
    "keymap": [
      [
        {
          "y": 0.9,
          "x": 17.3,
          "c": "#aaaaaa"
        },
        "2,7"
      ],
      [
        {
          "y": -0.95,
          "x": 3.7,
          "c": "#cccccc"
        },
        "0,1",
        {
          "x": 8.45
        },
        "1,5"
      ],
      [
        {
          "y": -0.95,
          "x": 1.7,
          "c": "#777777"
        },
        "0,0",
        {
          "c": "#cccccc"
        },
        "1,0",
        {
          "x": 10.45
        },
        "0,6",
        "1,6",
        "0,7"
      ],
      [
        {
          "y": -0.10000000000000009,
          "x": 17.6,
          "c": "#aaaaaa"
        },
        "4,7"
      ],
      [
        {
          "y": -0.95,
          "x": 13,
          "c": "#cccccc"
        },
        "2,5"
      ],
      [
        {
          "y": -0.9500000000000002,
          "x": 1.5,
          "c": "#aaaaaa",
          "w": 1.5
        },
        "2,0",
        {
          "c": "#cccccc"
        },
        "3,0",
        {
          "x": 10
        },
        "3,5",
        "2,6",
        {
          "c": "#aaaaaa",
          "w": 1.5
        },
        "3,6"
      ],
      [
        {
          "y": -0.10000000000000009,
          "x": 17.9
        },
        "6,7"
      ],
      [
        {
          "y": -0.8999999999999999,
          "x": 1.3,
          "w": 1.75
        },
        "4,0",
        {
          "c": "#cccccc"
        },
        "5,0",
        {
          "x": 9.349999999999998
        },
        "4,5",
        "5,5",
        {
          "c": "#777777",
          "w": 2.25
        },
        "4,6"
      ],
      [
        {
          "x": 1.05,
          "c": "#aaaaaa",
          "w": 2.25
        },
        "6,0",
        {
          "c": "#cccccc"
        },
        "7,0",
        {
          "x": 8.8
        },
        "7,4",
        "6,5",
        {
          "c": "#aaaaaa",
          "w": 1.75
        },
        "7,5"
      ],
      [
        {
          "y": -0.75,
          "x": 17
        },
        "7,6"
      ],
      [
        {
          "y": -0.25,
          "x": 1.05,
          "w": 1.5
        },
        "8,0"
      ],
      [
        {
          "y": -0.75,
          "x": 16
        },
        "8,6",
        "9,6",
        "8,7"
      ],
      [
        {
          "r": 12,
          "y": -6.25,
          "x": 5.05,
          "c": "#cccccc"
        },
        "1,1",
        "0,2",
        "1,2",
        "0,3"
      ],
      [
        {
          "x": 4.6
        },
        "2,1",
        "3,1",
        "2,2",
        "3,2"
      ],
      [
        {
          "x": 4.85
        },
        "4,1",
        "5,1",
        "4,2",
        "5,2"
      ],
      [
        {
          "x": 5.3
        },
        "6,1",
        "7,1",
        "6,2",
        "7,2"
      ],
      [
        {
          "x": 6.6,
          "w": 2
        },
        "8,2",
        {
          "c": "#aaaaaa",
          "w": 1.25
        },
        "9,2"
      ],
      [
        {
          "y": -0.9500000000000002,
          "x": 5.05,
          "w": 1.5
        },
        "8,1"
      ],
      [
        {
          "r": -12,
          "y": -1.4500000000000002,
          "x": 8.45,
          "c": "#cccccc"
        },
        "1,3",
        "0,4",
        "1,4",
        "0,5"
      ],
      [
        {
          "x": 8.05
        },
        "2,3",
        "3,3",
        "2,4",
        "3,4"
      ],
      [
        {
          "x": 8.2
        },
        "4,3",
        "5,3",
        "4,4",
        "5,4"
      ],
      [
        {
          "x": 8.75
        },
        "6,3",
        "7,3",
        "6,4"
      ],
      [
        {
          "x": 7.75,
          "w": 2.75
        },
        "9,3"
      ],
      [
        {
          "y": -0.9500000000000002,
          "x": 10.55,
          "c": "#aaaaaa",
          "w": 1.5
        },
        "9,4"
      ]
    ]
  }
}
