{
  "name": "Siris",
  "vendorId": "0x04D8",
  "productId": "0xE96C",
  "matrix": {
    "rows": 5,
    "cols": 12
  },
  "layouts": {
    "keymap": [
      [
        {
          "x": 3.5,
          "c": "#aaaaaa"
        },
        "0,3",
        {
          "x": 9.25
        },
        "0,8"
      ],
      [
        {
          "y": -0.875,
          "x": 2.5
        },
        "0,2",
        {
          "x": 1
        },
        "0,4"
      ],
      [
        {
          "y": -0.995,
          "x": 12.75
        },
        "0,7",
        {
          "x": 1
        },
        "0,9"
      ],
      [
        {
          "y": -0.8799999999999999,
          "x": 5.5
        },
        "0,5",
        {
          "x": 5.25
        },
        "0,6"
      ],
      [
        {
          "y": -0.875,
          "x": 1.5
        },
        "0,1"
      ],
      [
        {
          "y": -0.995,
          "x": 0.5,
          "c": "#777777"
        },
        "0,0",
        {
          "x": 14.25,
          "c": "#aaaaaa"
        },
        "0,10",
        "0,11"
      ],
      [
        {
          "y": -0.3799999999999999,
          "x": 3.5,
          "c": "#cccccc"
        },
        "1,3",
        {
          "x": 9.25
        },
        "1,8"
      ],
      [
        {
          "y": -0.875,
          "x": 2.5
        },
        "1,2",
        {
          "x": 1
        },
        "1,4"
      ],
      [
        {
          "y": -0.9950000000000001,
          "x": 12.75
        },
        "1,7",
        {
          "x": 1
        },
        "1,9"
      ],
      [
        {
          "y": -0.8799999999999999,
          "x": 5.5
        },
        "1,5",
        {
          "x": 5.25
        },
        "1,6"
      ],
      [
        {
          "y": -0.875,
          "x": 1.5
        },
        "1,1"
      ],
      [
        {
          "y": -0.9950000000000001,
          "x": 0.5,
          "c": "#aaaaaa"
        },
        "1,0",
        {
          "x": 14.25,
          "c": "#cccccc"
        },
        "1,10",
        {
          "c": "#aaaaaa"
        },
        "1,11"
      ],
      [
        {
          "y": -0.3799999999999999,
          "x": 3.5,
          "c": "#cccccc"
        },
        "2,3",
        {
          "x": 9.25
        },
        "2,8"
      ],
      [
        {
          "y": -0.875,
          "x": 2.5
        },
        "2,2",
        {
          "x": 1
        },
        "2,4"
      ],
      [
        {
          "y": -0.9950000000000001,
          "x": 12.75
        },
        "2,7",
        {
          "x": 1
        },
        "2,9"
      ],
      [
        {
          "y": -0.8799999999999999,
          "x": 5.5
        },
        "2,5",
        {
          "x": 5.25
        },
        "2,6"
      ],
      [
        {
          "y": -0.875,
          "x": 1.5
        },
        "2,1"
      ],
      [
        {
          "y": -0.9950000000000001,
          "x": 0.5,
          "c": "#aaaaaa"
        },
        "2,0",
        {
          "x": 14.25,
          "c": "#cccccc"
        },
        "2,10",
        {
          "c": "#aaaaaa"
        },
        "2,11"
      ],
      [
        {
          "y": -0.75,
          "x": 6.75
        },
        "4,5",
        {
          "x": 2.75
        },
        "4,6"
      ],
      [
        {
          "y": -0.6299999999999999,
          "x": 3.5,
          "c": "#cccccc"
        },
        "3,3",
        {
          "x": 9.25
        },
        "3,8"
      ],
      [
        {
          "y": -0.875,
          "x": 2.5
        },
        "3,2",
        {
          "x": 1
        },
        "3,4"
      ],
      [
        {
          "y": -0.9950000000000001,
          "x": 12.75
        },
        "3,7",
        {
          "x": 1
        },
        "3,9"
      ],
      [
        {
          "y": -0.8799999999999999,
          "x": 5.5
        },
        "3,5",
        {
          "x": 5.25
        },
        "3,6"
      ],
      [
        {
          "y": -0.875,
          "x": 1.5
        },
        "3,1"
      ],
      [
        {
          "y": -0.9950000000000001,
          "x": 0.5,
          "c": "#aaaaaa"
        },
        "3,0",
        {
          "x": 14.25,
          "c": "#cccccc"
        },
        "3,10",
        {
          "c": "#aaaaaa"
        },
        "3,11"
      ],
      [
        {
          "y": -0.22999999999999954,
          "x": 4.25
        },
        "4,2",
        {
          "x": 7.75
        },
        "4,0"
      ],
      [
        {
          "y": -0.9000000000000004,
          "x": 5.25
        },
        "4,3",
        {
          "x": 5.75
        },
        "4,8"
      ],
      [
        {
          "r": 60,
          "rx": 9.25,
          "ry": 3.25,
          "y": -1.25,
          "x": 1.4000000000000004,
          "w": 1.5
        },
        "4,7"
      ],
      [
        {
          "r": -60,
          "y": -1.25,
          "x": -3,
          "w": 1.5
        },
        "4,4"
      ]
    ]
  }
}
