{
  "name": "Chalice",
  "vendorId": "0x6A6A",
  "productId": "0x000C",
  "lighting": "qmk_rgblight",
  "matrix": {
    "rows": 10,
    "cols": 7
  },
  "layouts": {
    "labels": ["Split Backspace"],
    "keymap": [
      [
        {
          "y": 0.9,
          "x": 0.5,
          "c": "#777777"
        },
        "0,0"
      ],
      [
        {
          "y": -0.95,
          "x": 3.75,
          "c": "#cccccc"
        },
        "1,1",
        {
          "x": 8.4
        },
        "0,6"
      ],
      [
        {
          "y": -0.95,
          "x": 1.75
        },
        "1,0",
        "0,1",
        {
          "x": 10.4
        },
        "1,6",
        {
          "c": "#aaaaaa",
          "w": 2
        },
        "4,6\n\n\n0,0",
        {
          "x": 0.3500000000000014
        },
        "4,6\n\n\n0,1",
        "8,1\n\n\n0,1"
      ],
      [
        {
          "y": -0.10000000000000009,
          "x": 0.25,
          "c": "#cccccc"
        },
        "2,0"
      ],
      [
        {
          "y": -0.95,
          "x": 13
        },
        "3,5"
      ],
      [
        {
          "y": -0.9500000000000002,
          "x": 1.5,
          "c": "#aaaaaa",
          "w": 1.5
        },
        "3,0",
        {
          "c": "#cccccc"
        },
        "2,1",
        {
          "x": 10
        },
        "2,6",
        "3,6",
        {
          "w": 1.5
        },
        "5,6"
      ],
      [
        {
          "y": -0.10000000000000009
        },
        "4,0"
      ],
      [
        {
          "y": -0.8999999999999999,
          "x": 1.25,
          "c": "#aaaaaa",
          "w": 1.75
        },
        "5,0",
        {
          "c": "#cccccc"
        },
        "4,1",
        {
          "x": 9.4
        },
        "5,5",
        "6,6",
        {
          "c": "#777777",
          "w": 2.25
        },
        "7,6"
      ],
      [
        {
          "x": 1,
          "c": "#aaaaaa",
          "w": 2.25
        },
        "6,0",
        {
          "c": "#cccccc"
        },
        "7,0",
        {
          "x": 8.85
        },
        "6,5",
        "7,5",
        {
          "c": "#aaaaaa",
          "w": 1.75
        },
        "8,6",
        "9,6"
      ],
      [
        {
          "x": 1,
          "w": 1.5
        },
        "8,0",
        {
          "x": 11.85,
          "w": 1.5
        },
        "8,4",
        "9,4",
        {
          "x": 1
        },
        "9,5"
      ],
      [
        {
          "ry": 0.25,
          "y": 4.75,
          "x": 16.85
        },
        "8,5"
      ],
      [
        {
          "r": 12,
          "ry": 0,
          "x": 5.1,
          "c": "#cccccc"
        },
        "0,2",
        "1,2",
        "0,3",
        "1,3"
      ],
      [
        {
          "x": 4.6
        },
        "3,1",
        "2,2",
        "3,2",
        "2,3"
      ],
      [
        {
          "x": 4.85
        },
        "5,1",
        "4,2",
        "5,2",
        "4,3"
      ],
      [
        {
          "x": 5.3
        },
        "6,1",
        "7,1",
        "6,2",
        "7,2"
      ],
      [
        {
          "x": 6.55,
          "w": 2
        },
        "8,2",
        {
          "x": 0.049999999999998934,
          "c": "#aaaaaa",
          "w": 1.25
        },
        "9,2"
      ],
      [
        {
          "y": -0.8899999999999997,
          "x": 5,
          "w": 1.5
        },
        "9,1"
      ],
      [
        {
          "r": -12,
          "y": -1.5100000000000002,
          "x": 8.45,
          "c": "#cccccc"
        },
        "0,4",
        "1,4",
        "0,5",
        "1,5"
      ],
      [
        {
          "x": 8.05
        },
        "3,3",
        "2,4",
        "3,4",
        "2,5"
      ],
      [
        {
          "x": 8.2
        },
        "5,3",
        "4,4",
        "5,4",
        "4,5"
      ],
      [
        {
          "x": 7.75
        },
        "6,3",
        "7,3",
        "6,4",
        "7,4"
      ],
      [
        {
          "x": 7.75,
          "w": 2.75
        },
        "8,3"
      ],
      [
        {
          "y": -0.8999999999999995,
          "x": 10.55,
          "c": "#aaaaaa",
          "w": 1.5
        },
        "9,3"
      ]
    ]
  }
}
