{
  "name": "SKErgo",
  "vendorId": "0x4B49",
  "productId": "0x534B",
  "matrix": {"rows": 5, "cols": 15},
  "layouts": {
    "labels": ["2U Backspace", "Remove Right B"],
    "keymap": [
      [{"x": 14.5, "w": 2}, "0,14\n\n\n0,1"],
      [{"x": 12.5, "f": 1, "fa": [3]}, "0,11"],
      [
        {"y": -0.75, "x": 0.5, "c": "#777777"},
        "0,0",
        {"c": "#cccccc"},
        "0,1",
        {"x": 11},
        "0,12",
        {"fa": [3, 0, 0, 3]},
        "0,13\n\n\n0,0",
        "0,14\n\n\n0,0",
        {"x": 0.25, "f": 3},
        "1,14"
      ],
      [{"x": 17}, "2,14"],
      [
        {
          "y": -0.9500000000000002,
          "x": 0.25,
          "c": "#aaaaaa",
          "f": 1,
          "fa": [3],
          "w": 1.5
        },
        "1,0",
        {"c": "#cccccc"},
        "1,1",
        {"x": 10.5},
        "1,11",
        "1,12",
        {"f": 3, "w": 1.5},
        "1,13"
      ],
      [{"y": -0.04999999999999982, "x": 17.1, "f": 1, "fa": [3]}, "3,14"],
      [
        {"y": -0.9500000000000002, "x": 0.15, "c": "#aaaaaa", "w": 1.75},
        "2,0",
        {"c": "#cccccc"},
        "2,1",
        {"x": 9.7},
        "2,10",
        "2,11",
        {"c": "#777777", "w": 2.25},
        "2,12"
      ],
      [
        {"c": "#aaaaaa", "w": 2.25},
        "3,0",
        {"c": "#cccccc"},
        "3,1",
        {"x": 10},
        "3,10",
        {"c": "#aaaaaa", "w": 1.75},
        "3,11"
      ],
      [{"y": -0.5499999999999998, "x": 16.25, "c": "#777777"}, "3,13"],
      [{"y": -0.4500000000000002, "c": "#aaaaaa", "w": 1.25}, "4,0"],
      [
        {"y": -0.5499999999999998, "x": 15.25, "c": "#777777"},
        "4,12",
        "4,13",
        "4,14"
      ],
      [{"rx": 3, "ry": 4.25, "y": -3, "x": -0.5, "c": "#cccccc"}, "0,2"],
      [{"r": 10, "y": -1, "x": 0.25}, "0,3", "0,4", "0,5", "0,6"],
      [{"x": -0.25}, "1,2", "1,3", "1,4", "1,5"],
      ["2,2", "2,3", "2,4", "2,5"],
      [{"x": 0.5}, "3,2", "3,3", "3,4", "3,5"],
      [
        {"x": 0.5, "c": "#aaaaaa", "w": 1.5},
        "4,2",
        {"c": "#cccccc", "f": 3, "w": 2},
        "4,4",
        {"c": "#aaaaaa"},
        "4,5"
      ],
      [
        {
          "r": -10,
          "rx": 12.5,
          "y": -3,
          "x": -3.75,
          "c": "#cccccc",
          "f": 1,
          "fa": [3]
        },
        "0,7",
        "0,8",
        "0,9",
        "0,10"
      ],
      [{"x": -4.25}, "1,6", "1,7", "1,8", "1,9", "1,10"],
      [{"x": -4}, "2,6", "2,7", "2,8", "2,9"],
      [
        {"x": -4.5, "f": 3},
        "4,6\n\n\n1,0",
        {"f": 1, "fa": [3]},
        "3,6",
        "3,7",
        "3,8",
        "3,9"
      ],
      [{"x": -4, "w": 2.75}, "4,7", {"c": "#aaaaaa", "w": 1.5}, "4,9"],
      [
        {"y": 0.25, "x": -4.5, "c": "#cccccc", "fa": [3, 0, 0, 3], "d": true},
        "4,6\n\n\n1,1"
      ]
    ]
  }
}
