{
  "vendorId": "0x5342",
  "productId": "0x0004",
  "name": "AVA",
  "matrix": {"rows": 9, "cols": 8},
  "lighting": "qmk_rgblight",
  "layouts": {
    "labels": ["Split Backspace"],
    "keymap": [
      [
        {
          "y": 0.02,
          "x": 0.69,
          "c": "#777777"
        },
        "2,0",
        {
          "x": 2.19,
          "c": "#cccccc"
        },
        "0,2",
        {
          "x": 8.48
        },
        "1,4"
      ],
      [
        {
          "y": -0.89,
          "x": 1.9
        },
        "0,0",
        "0,1",
        {
          "x": 10.43
        },
        "1,5",
        {
          "c": "#aaaaaa",
          "w": 2
        },
        "1,6\n\n\n0,0",
        {
          "x": 0.25
        },
        "1,6\n\n\n0,1",
        "1,7\n\n\n0,1"
      ],
      [
        {
          "y": -0.1100000000000001,
          "x": 0.48,
          "c": "#cccccc"
        },
        "4,0"
      ],
      [
        {
          "y": -0.95,
          "x": 13.08
        },
        "3,4"
      ],
      [
        {
          "y": -0.94,
          "x": 1.68,
          "c": "#aaaaaa",
          "w": 1.5
        },
        "2,1",
        {
          "c": "#cccccc"
        },
        "2,2",
        {
          "x": 9.87
        },
        "3,5",
        "3,6",
        {
          "w": 1.5
        },
        "3,7"
      ],
      [
        {
          "y": -0.1200000000000001,
          "x": 0.25
        },
        "6,0"
      ],
      [
        {
          "y": -0.8799999999999999,
          "x": 1.47,
          "c": "#aaaaaa",
          "w": 1.75
        },
        "4,1",
        {
          "c": "#cccccc"
        },
        "4,2",
        {
          "x": 9.310000000000002
        },
        "5,4",
        "5,5",
        {
          "x": -0.009999999999999787,
          "c": "#777777",
          "w": 2.25
        },
        "5,6"
      ],
      [
        {
          "y": -0.1200000000000001,
          "x": 0.1,
          "c": "#cccccc"
        },
        "0,7"
      ],
      [
        {
          "y": -0.8900000000000001,
          "x": 3.5
        },
        "6,2"
      ],
      [
        {
          "y": -0.9900000000000002,
          "x": 1.25,
          "c": "#aaaaaa",
          "w": 2.25
        },
        "6,1",
        {
          "x": 9.75,
          "c": "#cccccc"
        },
        "7,4",
        {
          "x": -0.009999999999999787
        },
        "7,5",
        {
          "x": 1.5000000000000018,
          "c": "#aaaaaa",
          "w": 1.5
        },
        "7,7"
      ],
      [
        {
          "y": -0.75,
          "x": 15.49,
          "c": "#777777"
        },
        "7,6"
      ],
      [
        {
          "y": -0.2599999999999998,
          "x": 1.25,
          "c": "#aaaaaa",
          "w": 1.5
        },
        "2,7"
      ],
      [
        {
          "y": -0.9900000000000002,
          "x": 2.75
        },
        "4,7"
      ],
      [
        {
          "y": -0.75,
          "x": 14.5,
          "c": "#777777"
        },
        "8,5",
        {
          "x": -0.009999999999999787
        },
        "8,6",
        {
          "x": 0.010000000000001563
        },
        "8,7"
      ],
      [
        {
          "r": 12,
          "rx": 4.6991,
          "ry": 0.2258,
          "y": -0.0958,
          "x": 0.3609,
          "c": "#cccccc"
        },
        "0,3",
        "0,4",
        "0,5",
        "0,6"
      ],
      [
        {
          "x": -0.1990999999999996
        },
        "2,3",
        "2,4",
        "2,5",
        "2,6"
      ],
      [
        {
          "x": 0.05090000000000039
        },
        "4,3",
        "4,4",
        "4,5",
        "4,6"
      ],
      [
        {
          "x": 0.5509000000000004
        },
        "6,3",
        "6,4",
        "6,5",
        "6,6"
      ],
      [
        {
          "rx": 5.4334,
          "ry": 4.3492,
          "y": 0.0007999999999999119,
          "x": -0.25340000000000007,
          "w": 1.5
        },
        "5,7"
      ],
      [
        {
          "rx": 7.6342,
          "ry": 4.817,
          "y": 0.0030000000000001137,
          "x": -1.0042,
          "w": 2.25
        },
        "6,7"
      ],
      [
        {
          "r": -12,
          "rx": 9.0102,
          "ry": 0.8597,
          "y": 0.00029999999999996696,
          "x": 0.24980000000000047
        },
        "1,0",
        "1,1",
        "1,2",
        "1,3"
      ],
      [
        {
          "x": -0.25019999999999953
        },
        "3,0",
        "3,1",
        "3,2",
        "3,3"
      ],
      [
        {
          "x": -0.00019999999999953388
        },
        "5,0",
        "5,1",
        "5,2",
        "5,3"
      ],
      [
        {
          "x": -0.5001999999999995
        },
        "7,0",
        "7,1",
        "7,2",
        "7,3"
      ],
      [
        {
          "rx": 9.1085,
          "ry": 4.9223,
          "y": -0.0022999999999999687,
          "x": 0.25150000000000006,
          "w": 2.75
        },
        "8,1",
        "8,3"
      ]
    ]
  }
}
