{
  "name": "Orbit-X",
  "vendorId": "0xa103",
  "productId": "0x0014",
  "matrix": {"rows": 8, "cols": 6},
  "layouts": {
    "labels": [],
    "keymap": [
      [{"x": 3}, "0,3", {"x": 6.5}, "4,2"],
      [
        {"y": -0.87, "x": 2},
        "0,2",
        {"x": 1},
        "0,4",
        {"x": 4.5},
        "4,1",
        {"x": 1},
        "4,3"
      ],
      [{"y": -0.8799999999999999, "x": 5}, "0,5", {"x": 2.5}, "4,0"],
      [
        {"y": -0.87, "c": "#aaaaaa"},
        "0,0",
        {"c": "#cccccc"},
        "0,1",
        {"x": 10.5},
        "4,4",
        {"c": "#aaaaaa"},
        "4,5"
      ],
      [
        {"y": -0.3799999999999999, "x": 3, "c": "#cccccc"},
        "1,3",
        {"x": 6.5},
        "5,2"
      ],
      [
        {"y": -0.8700000000000001, "x": 2},
        "1,2",
        {"x": 1},
        "1,4",
        {"x": 4.5},
        "5,1",
        {"x": 1},
        "5,3"
      ],
      [{"y": -0.8799999999999999, "x": 5}, "1,5", {"x": 2.5}, "5,0"],
      [
        {"y": -0.8700000000000001, "c": "#aaaaaa"},
        "1,0",
        {"c": "#cccccc"},
        "1,1",
        {"x": 10.5},
        "5,4",
        {"c": "#aaaaaa"},
        "5,5"
      ],
      [
        {"y": -0.3799999999999999, "x": 3, "c": "#cccccc"},
        "2,3",
        {"x": 6.5},
        "6,2"
      ],
      [
        {"y": -0.8700000000000001, "x": 2},
        "2,2",
        {"x": 1},
        "2,4",
        {"x": 4.5},
        "6,1",
        {"x": 1},
        "6,3"
      ],
      [{"y": -0.8799999999999999, "x": 5}, "2,5", {"x": 2.5}, "6,0"],
      [
        {"y": -0.8700000000000001, "c": "#aaaaaa"},
        "2,0",
        {"c": "#cccccc"},
        "2,1",
        {"x": 10.5},
        "6,4",
        {"c": "#aaaaaa"},
        "6,5"
      ],
      [{"y": -0.3799999999999999, "x": 3}, "3,3", {"x": 6.5}, "7,2"],
      [{"y": -0.8700000000000001, "x": 11.5}, "7,3"],
      [
        {"y": -0.75, "c": "#777777"},
        "3,0",
        {"c": "#aaaaaa"},
        "3,1",
        {"x": 10.5},
        "7,4",
        {"c": "#777777"},
        "7,5"
      ],
      [{"y": 0.5, "x": 14.5, "c": "#cccccc", "a": 7, "d": true}, ""],
      [
        {"rx": 13.75, "ry": 5, "y": -1.87, "x": -11.75, "c": "#aaaaaa", "a": 4},
        "3,2"
      ],
      [
        {
          "r": 18,
          "rx": 5,
          "ry": 3.75,
          "y": -0.4500000000000002,
          "x": -0.5,
          "c": "#cccccc"
        },
        "3,4"
      ],
      [
        {
          "r": 60,
          "rx": 8.5,
          "ry": 4,
          "y": -0.3999999999999999,
          "x": -0.7000000000000002,
          "w": 1.5
        },
        "7,0"
      ],
      [
        {
          "r": -60,
          "rx": 6,
          "y": -0.3999999999999999,
          "x": -0.7999999999999998,
          "w": 1.5
        },
        "3,5"
      ],
      [
        {"r": -18, "rx": 9.5, "ry": 3.75, "y": -0.4500000000000002, "x": -0.5},
        "7,1"
      ]
    ]
  }
}
