{
  "name": "Dactyl Manuform (4x6)",
  "vendorId": "0x444D",
  "productId": "0x3436",
  "lighting": "none",
  "matrix": {
    "rows": 10,
    "cols": 6
  },
  "layouts": {
    "keymap": [
      [
        {
          "x": 2
        },
        "0,2",
        "0,3",
        {
          "x": 6.25
        },
        "5,3",
        "5,2"
      ],
      [
        {
          "y": -0.9,
          "x": 1
        },
        "0,1"
      ],
      [
        {
          "y": -1,
          "x": 5
        },
        "0,5"
      ],
      [
        {
          "y": -1,
          "x": 8.25
        },
        "5,5"
      ],
      [
        {
          "y": -1,
          "x": 9.25
        },
        "5,4"
      ],
      [
        {
          "y": -1,
          "x": 12.25
        },
        "5,1",
        {
          "x": -9.25
        },
        "0,4"
      ],
      [
        {
          "y": -0.8500000000000001
        },
        "0,0",
        {
          "x": 12.25
        },
        "5,0"
      ],
      [
        {
          "y": -0.25,
          "x": 2
        },
        "1,2",
        "1,3",
        {
          "x": 6.25
        },
        "6,3",
        "6,2"
      ],
      [
        {
          "y": -0.8999999999999999,
          "x": 1
        },
        "1,1",
        {
          "x": 2
        },
        "1,4",
        "1,5",
        {
          "x": 2.25
        },
        "6,5",
        "6,4",
        {
          "x": 2
        },
        "6,1"
      ],
      [
        {
          "y": -0.8500000000000001
        },
        "1,0",
        {
          "x": 12.25
        },
        "6,0"
      ],
      [
        {
          "y": -0.25,
          "x": 2
        },
        "2,2",
        "2,3",
        {
          "x": 6.25
        },
        "7,3",
        "7,2"
      ],
      [
        {
          "y": -0.8999999999999999,
          "x": 1
        },
        "2,1",
        {
          "x": 2
        },
        "2,4",
        "2,5",
        {
          "x": 2.25
        },
        "7,5",
        "7,4"
      ],
      [
        {
          "y": -0.8500000000000001
        },
        "2,0",
        {
          "x": 12.25
        },
        "7,0"
      ],
      [
        {
          "y": -0.25,
          "x": 2
        },
        "3,1",
        "3,2",
        {
          "x": 6.25
        },
        "8,2",
        "8,1"
      ],
      [
        {
          "ry": 4.25,
          "y": -2.15,
          "x": 12.25
        },
        "7,1"
      ],
      [
        {
          "r": 30,
          "rx": 6.5,
          "ry": 0.25,
          "y": 3.75,
          "x": 1,
          "c": "#777777",
          "h": 1.5
        },
        "3,4"
      ],
      [
        {
          "y": -0.5,
          "h": 1.5
        },
        "3,3"
      ],
      [
        {
          "r": 75,
          "ry": 3,
          "y": 1,
          "x": 2.75,
          "c": "#aaaaaa"
        },
        "4,3",
        "4,1"
      ],
      [
        {
          "x": 2.75
        },
        "4,4",
        "4,2"
      ],
      [
        {
          "r": -75,
          "rx": 13,
          "ry": 5.25,
          "y": -4.75,
          "x": -4
        },
        "9,1",
        "9,3"
      ],
      [
        {
          "x": -4
        },
        "9,2",
        "9,4"
      ],
      [
        {
          "r": -30,
          "ry": 0,
          "y": 1.25,
          "x": -6.75,
          "c": "#777777",
          "h": 1.5
        },
        "8,4"
      ],
      [
        {
          "y": -0.5,
          "x": -5.75,
          "h": 1.5
        },
        "8,3"
      ]
    ]
  }
}
