{
  "name": "Pierce",
  "vendorId": "0x6431",
  "productId": "0x6060",
  "matrix": {
    "rows": 4,
    "cols": 10
  },
  "layouts": {
    "keymap": [
      [
        {
          "y": 1,
          "x": 2
        },
        "0,2",
        {
          "x": 6.25
        },
        "0,7"
      ],
      [
        {
          "y": -0.8700000000000001,
          "x": 1
        },
        "0,1",
        {
          "x": 1
        },
        "0,3",
        {
          "x": 4.25
        },
        "0,6",
        {
          "x": 1
        },
        "0,8"
      ],
      [
        {
          "y": -0.8799999999999999,
          "x": 4
        },
        "0,4",
        {
          "x": 2.25
        },
        "0,5"
      ],
      [
        {
          "y": -0.3700000000000001
        },
        "0,0",
        {
          "x": 10.25
        },
        "0,9"
      ],
      [
        {
          "y": -0.8799999999999999,
          "x": 2
        },
        "1,2",
        {
          "x": 6.25
        },
        "1,7"
      ],
      [
        {
          "y": -0.8700000000000001,
          "x": 1
        },
        "1,1",
        {
          "x": 1
        },
        "1,3",
        {
          "x": 4.25
        },
        "1,6",
        {
          "x": 1
        },
        "1,8"
      ],
      [
        {
          "y": -0.8799999999999999,
          "x": 4
        },
        "1,4",
        {
          "x": 2.25
        },
        "1,5"
      ],
      [
        {
          "y": -0.3700000000000001
        },
        "1,0",
        {
          "x": 10.25
        },
        "1,9"
      ],
      [
        {
          "y": -0.8799999999999999,
          "x": 2
        },
        "2,2",
        {
          "x": 6.25
        },
        "2,7"
      ],
      [
        {
          "y": -0.8700000000000001,
          "x": 1
        },
        "2,1",
        {
          "x": 1
        },
        "2,3",
        {
          "x": 4.25
        },
        "2,6",
        {
          "x": 1
        },
        "2,8"
      ],
      [
        {
          "y": -0.8799999999999999,
          "x": 4
        },
        "2,4",
        {
          "x": 2.25
        },
        "2,5"
      ],
      [
        {
          "y": -0.3700000000000001
        },
        "2,0",
        {
          "x": 10.25
        },
        "2,9"
      ],
      [
        {
          "y": -0.6299999999999999,
          "x": 2.5,
          "c": "#777777"
        },
        "3,2",
        {
          "x": 5.25
        },
        "3,7"
      ],
      [
        {
          "r": 10,
          "rx": 4.5,
          "ry": 9.1,
          "y": -4.6,
          "x": -1.65
        },
        "3,3"
      ],
      [
        {
          "r": 20,
          "rx": 5.4,
          "ry": 9.3,
          "y": -4.3,
          "x": -2.15
        },
        "3,4"
      ],
      [
        {
          "r": -20,
          "rx": 6.9,
          "y": -4.3,
          "x": 1.0999999999999996
        },
        "3,5"
      ],
      [
        {
          "r": -10,
          "rx": 7.75,
          "ry": 9.1,
          "y": -4.6,
          "x": 0.6500000000000004
        },
        "3,6"
      ]
    ]
  }
}
