{
  "name": "Swordfish",
  "vendorId": "0x7074", 
  "productId": "0x0024",
  "lighting": "qmk_rgblight",
  "matrix": { "rows": 14, "cols": 15 },
  "layouts": {
    "keymap": [
      [
        {
          "y": 0.14,
          "x": 18.33,
          "c": "#aaaaaa"
        },
        "0,14"
      ],
      [
        {
          "y": -0.911,
          "x": 19.75,
          "w": 2
        },
        "0,12\n\n\n0,1"
      ],
      [
        {
          "y": -0.95,
          "x": 2.37,
          "c": "#777777"
        },
        "0,0",
        {
          "c": "#cccccc"
        },
        "0,1",
        {
          "x": 9.759999999999998
        },
        "0,10",
        "0,11",
        {
          "c": "#aaaaaa"
        },
        "0,12\n\n\n0,0",
        "0,13\n\n\n0,0"
      ],
      [
        {
          "y": -0.1412,
          "x": 18.45
        },
        "1,14"
      ],
      [
        {
          "y": -0.8599999999999999,
          "x": 2.24,
          "w": 1.5
        },
        "1,0",
        {
          "c": "#cccccc"
        },
        "1,1",
        {
          "x": 9.01
        },
        "1,10",
        "1,11",
        "1,12",
        {
          "w": 1.5
        },
        "1,13"
      ],
      [
        {
          "y": -0.1412,
          "x": 18.61,
          "c": "#aaaaaa"
        },
        "2,14"
      ],
      [
        {
          "y": -0.863,
          "x": 2.1,
          "w": 1.75
        },
        "2,0",
        {
          "c": "#cccccc"
        },
        "2,1",
        {
          "x": 9.31
        },
        "2,10",
        "2,11",
        {
          "c": "#777777",
          "w": 2.25
        },
        "2,13"
      ],
      [
        {
          "x": 1.95,
          "c": "#aaaaaa",
          "w": 2.25
        },
        "3,0",
        {
          "c": "#cccccc"
        },
        "3,1",
        {
          "x": 8.620000000000001
        },
        "3,10",
        "3,11",
        {
          "c": "#aaaaaa",
          "w": 1.75
        },
        "3,12"
      ],
      [
        {
          "y": -0.7999999999999998,
          "x": 17.77
        },
        "3,13"
      ],
      [
        {
          "y": -0.20180000000000042,
          "x": 1.95,
          "w": 1.25
        },
        "4,0",
        {
          "w": 1.25
        },
        "4,1",
        {
          "x": 9.620000000000001,
          "w": 1.25
        },
        "4,10",
        {
          "w": 1.25
        },
        "4,11"
      ],
      [
        {
          "y": -0.7999999999999998,
          "x": 16.77
        },
        "4,12",
        "4,13",
        "4,14"
      ],
      [
        {
          "r": 8,
          "rx": 4.5,
          "ry": 0.4,
          "y": -0.2,
          "c": "#cccccc"
        },
        "0,2",
        "0,3",
        "0,4",
        "1,5",
        "0,5"
      ],
      [
        {
          "x": 0.5
        },
        "1,2",
        "1,3",
        "1,4",
        "2,5"
      ],
      [
        {
          "x": 0.75
        },
        "2,2",
        "2,3",
        "2,4",
        "3,5"
      ],
      [
        {
          "x": 1.25
        },
        "3,2",
        "3,3",
        "3,4",
        "4,5"
      ],
      [
        {
          "x": 1.25,
          "c": "#aaaaaa",
          "w": 1.25
        },
        "4,2",
        {
          "c": "#cccccc",
          "w": 2.75
        },
        "4,4"
      ],
      [
        {
          "r": -8,
          "rx": 14.5,
          "y": -0.2,
          "x": -4.5
        },
        "0,6",
        "0,7",
        "0,8",
        "0,9"
      ],
      [
        {
          "x": -5
        },
        "1,6",
        "1,7",
        "1,8",
        "1,9"
      ],
      [
        {
          "x": -4.75
        },
        "2,6",
        "2,7",
        "2,8",
        "2,9"
      ],
      [
        {
          "x": -5.25
        },
        "3,6",
        "3,7",
        "3,8",
        "3,9"
      ],
      [
        {
          "x": -5.25,
          "w": 2.25
        },
        "4,7",
        {
          "c": "#aaaaaa",
          "w": 1.25
        },
        "4,8"
      ]
    ],
    "labels": [
      "Split Backspace"
    ]
  }
}