{
    "name": "SKME Zeno 60% Ergo",
    "vendorId": "0x4048",
    "productId": "0x0001",
    "matrix": {
      "rows": 5,
      "cols": 15
    },
    "layouts": {
      "labels": [
        "Full Backspace",
        "Full Right Shift",
        "Long Left Space (2.75u)",
        "Short Right Space (2u)",
        "1.25u Bottom Row"
      ],
      "keymap": [
  [
    {
      "y": 0.235,
      "x": 2.6
    },
    "0,2"
  ],
  [
    {
      "y": -0.9849999999999999,
      "x": 0.6,
      "c": "#aaaaaa"
    },
    "0,0",
    {
      "c": "#cccccc"
    },
    "0,1"
  ],
  [
    {
      "y": -0.97,
      "x": 12.75
    },
    "0,11"
  ],
  [
    {
      "y": -0.98,
      "x": 14.75,
      "c": "#aaaaaa",
      "w": 2
    },
    "0,13\n\n\n0,1",
    {
      "x": -3,
      "c": "#cccccc"
    },
    "0,12",
    "0,13\n\n\n0,0",
    {
      "c": "#aaaaaa"
    },
    "1,14\n\n\n0,0"
  ],
  [
    {
      "y": -0.050000000000000044,
      "x": 0.5,
      "w": 1.5
    },
    "1,0",
    {
      "c": "#cccccc"
    },
    "1,1"
  ],
  [
    {
      "y": -0.97,
      "x": 12.4
    },
    "1,10"
  ],
  [
    {
      "y": -0.9800000000000002,
      "x": 13.4
    },
    "1,11",
    "1,12",
    {
      "w": 1.5
    },
    "1,13"
  ],
  [
    {
      "y": -0.04999999999999982,
      "x": 0.4,
      "c": "#aaaaaa",
      "w": 1.75
    },
    "2,0",
    {
      "c": "#cccccc"
    },
    "2,1"
  ],
  [
    {
      "y": -0.9500000000000002,
      "x": 12.8
    },
    "2,10",
    "2,11",
    {
      "c": "#777777",
      "w": 2.25
    },
    "2,12"
  ],
  [
    {
      "y": -0.04999999999999982,
      "x": 0.25,
      "c": "#aaaaaa",
      "w": 2.25
    },
    "3,0",
    {
      "c": "#cccccc"
    },
    "3,1"
  ],
  [
    {
      "y": -0.9500000000000002,
      "x": 12.4
    },
    "3,10",
    "3,11",
    {
      "c": "#aaaaaa",
      "w": 1.75
    },
    "3,12\n\n\n1,0",
    {
      "x": -1.7499999999999982,
      "w": 2.75
    },
    "3,12\n\n\n1,1",
    {
      "x": -1
    },
    "3,14\n\n\n1,0"
  ],
  [
    {
      "y": -0.04999999999999982,
      "x": 0.25,
      "w": 1.5
    },
    "4,0\n\n\n4,0",
    "4,1\n\n\n4,0"
  ],
  [
    {
      "y": -0.9500000000000002,
      "x": 0.25,
      "w": 1.25
    },
    "4,0\n\n\n4,1",
    {
      "w": 1.25
    },
    "4,1\n\n\n4,1",
    {
      "x": 11.9
    },
    "4,12\n\n\n4,0",
    {
      "x": -1,
      "w": 1.25
    },
    "4,12\n\n\n4,1",
    {
      "x": -0.25,
      "w": 1.5
    },
    "4,14\n\n\n4,0",
    {
      "x": -1.2499999999999982,
      "w": 1.25
    },
    "4,14\n\n\n4,1"
  ],
  [
    {
      "r": 7,
      "rx": 3.25,
      "ry": 4.25,
      "y": -4,
      "c": "#cccccc"
    },
    "0,3",
    "0,4",
    "0,5",
    "0,6"
  ],
  [
    {
      "x": -0.5
    },
    "1,2",
    "1,3",
    "1,4",
    "1,5"
  ],
  [
    {
      "x": -0.25
    },
    "2,2",
    "2,3",
    "2,4",
    "2,5"
  ],
  [
    {
      "x": 0.25
    },
    "3,2",
    "3,3",
    "3,4",
    "3,5"
  ],
  [
    {
      "x": 0.5,
      "c": "#aaaaaa",
      "w": 1.5
    },
    "4,3\n\n\n2,0",
    {
      "x": -1.5
    },
    "4,3\n\n\n2,1",
    {
      "x": 0.5,
      "c": "#cccccc",
      "w": 2.25
    },
    "4,5\n\n\n2,0"
  ],
  [
    {
      "rx": 12.75,
      "ry": 3.25,
      "y": 2.1500000000000004,
      "x": -7.8,
      "w": 2.75
    },
    "4,5\n\n\n2,1"
  ],
  [
    {
      "r": -7,
      "y": -6.15,
      "x": -3.75
    },
    "0,7",
    "0,8",
    "0,9",
    "0,10"
  ],
  [
    {
      "x": -4.25
    },
    "1,6",
    "1,7",
    "1,8",
    "1,9"
  ],
  [
    {
      "x": -3.9499999999999993
    },
    "2,6",
    "2,7",
    "2,8",
    "2,9"
  ],
  [
    {
      "x": -4.449999999999999
    },
    "3,6",
    "3,7",
    "3,8",
    "3,9"
  ],
  [
    {
      "x": -4.449999999999999,
      "w": 2.75
    },
    "4,7\n\n\n3,0",
    {
      "x": -2.75,
      "w": 2
    },
    "4,7\n\n\n3,1",
    {
      "c": "#aaaaaa"
    },
    "4,8\n\n\n3,1",
    {
      "x": -0.25,
      "w": 1.5
    },
    "4,9\n\n\n3,0",
    {
      "x": -1.25,
      "w": 1.25
    },
    "4,9\n\n\n3,1"
  ]
]
    }}
