{
  "name": "Linworks EM.8",
  "vendorId": "0x4C58",
  "productId": "0x0006",
  "matrix": {"rows": 5, "cols": 15},
  "layouts": {
    "labels": ["Split Backspace"],
    "keymap": [
      [
        {"y": 0.7, "x": 0.55, "c": "#777777"},
        "1,0",
        {"x": 16, "c": "#aaaaaa"},
        "0,14"
      ],
      [
        {"y": -0.95, "x": 3.7, "c": "#cccccc"},
        "0,2",
        {"x": 8.600000000000001},
        "0,11"
      ],
      [
        {"y": -0.95, "x": 1.7},
        "0,0",
        "0,1",
        {"x": 10.600000000000001},
        "0,12",
        {"c": "#aaaaaa", "w": 2},
        "0,13\n\n\n0,0",
        {"x": 3.6999999999999993},
        "0,13\n\n\n0,1",
        "4,11\n\n\n0,1"
      ],
      [{"y": -0.10000000000000009, "x": 0.35}, "2,0", {"x": 16.4}, "2,14"],
      [{"y": -0.95, "x": 13, "c": "#cccccc"}, "1,11"],
      [
        {"y": -0.95, "x": 1.5, "c": "#aaaaaa", "w": 1.5},
        "1,1",
        {"c": "#cccccc"},
        "1,2",
        {"x": 10},
        "1,12",
        "1,13",
        {"c": "#aaaaaa", "w": 1.5},
        "1,14"
      ],
      [{"y": -0.10000000000000009, "x": 0.15}, "3,0"],
      [
        {"y": -0.8999999999999999, "x": 1.3, "w": 1.75},
        "2,1",
        {"c": "#cccccc"},
        "2,2",
        {"x": 9.349999999999998},
        "2,11",
        "2,12",
        {"c": "#777777", "w": 2.25},
        "2,13"
      ],
      [
        {"x": 1.05, "c": "#aaaaaa", "w": 2.25},
        "3,1",
        {"c": "#cccccc"},
        "3,2",
        {"x": 8.8},
        "3,11",
        "3,12",
        {"c": "#aaaaaa", "w": 1.75},
        "3,13"
      ],
      [{"y": -0.75, "x": 17.1, "c": "#777777"}, "3,14"],
      [{"y": -0.25, "x": 1.05, "c": "#aaaaaa", "w": 1.5}, "4,1"],
      [{"y": -0.75, "x": 16.1, "c": "#777777"}, "4,12", "4,13", "4,14"],
      [
        {"r": 10, "y": -6.05, "x": 4.9, "c": "#cccccc"},
        "0,3",
        "0,4",
        "0,5",
        "0,6"
      ],
      [{"x": 4.4}, "1,3", "1,4", "1,5", "1,6"],
      [{"x": 4.65}, "2,3", "2,4", "2,5", "2,6"],
      [{"x": 5.1}, "3,3", "3,4", "3,5", "3,6"],
      [{"x": 6.35, "w": 2.25}, "4,5", {"c": "#aaaaaa"}, "4,6"],
      [{"y": -0.9500000000000002, "x": 4.85, "w": 1.5}, "4,3"],
      [
        {"r": -10, "y": -2.05, "x": 8.8, "c": "#cccccc"},
        "0,7",
        "0,8",
        "0,9",
        "0,10"
      ],
      [{"x": 8.3}, "1,7", "1,8", "1,9", "1,10"],
      [{"x": 8.55}, "2,7", "2,8", "2,9", "2,10"],
      [{"x": 8.1}, "3,7", "3,8", "3,9", "3,10"],
      [{"x": 8.1, "w": 2.75}, "4,8"],
      [{"y": -0.9500000000000002, "x": 10.86, "c": "#aaaaaa", "w": 1.5}, "4,10"]
    ]
  }
}