{
  "name": "kafkaSplit",
  "vendorId": "0xAFC2",
  "productId": "0xBFC2",
  "matrix": {
    "rows": 8,
    "cols": 6
  },
  "keycodes": [
    "qmk_lighting"
  ],
  "menus": [
    "qmk_rgb_matrix"
  ],
  "layouts": {
    "keymap": [
      [
        {
          "y": 1,
          "x": 3.5
        },
        "0,3",
        {
          "x": 6.75
        },
        "4,2"
      ],
      [
        {
          "y": -0.8700000000000001,
          "x": 2.5
        },
        "0,2",
        {
          "x": 1
        },
        "0,4",
        {
          "x": 4.75
        },
        "4,1",
        {
          "x": 1
        },
        "4,3"
      ],
      [
        {
          "y": -0.8799999999999999,
          "x": 0.5,
          "c": "#777777"
        },
        "0,0",
        {
          "c": "#cccccc"
        },
        "0,1",
        {
          "x": 3
        },
        "0,5",
        {
          "x": 2.75
        },
        "4,0",
        {
          "x": 3
        },
        "4,4",
        "4,5"
      ],
      [
        {
          "y": -0.25,
          "x": 3.5
        },
        "1,3",
        {
          "x": 6.75
        },
        "5,2"
      ],
      [
        {
          "y": -0.8700000000000001,
          "x": 2.5
        },
        "1,2",
        {
          "x": 1
        },
        "1,4",
        {
          "x": 4.75
        },
        "5,1",
        {
          "x": 1
        },
        "5,3"
      ],
      [
        {
          "y": -0.8799999999999999,
          "x": 0.5,
          "c": "#aaaaaa"
        },
        "1,0",
        {
          "c": "#cccccc"
        },
        "1,1",
        {
          "x": 3
        },
        "1,5",
        {
          "x": 2.75
        },
        "5,0",
        {
          "x": 3
        },
        "5,4",
        "5,5"
      ],
      [
        {
          "y": -0.25,
          "x": 3.5
        },
        "2,3",
        {
          "x": 6.75
        },
        "6,2"
      ],
      [
        {
          "y": -0.8700000000000001,
          "x": 2.5
        },
        "2,2",
        {
          "x": 1
        },
        "2,4",
        {
          "x": 4.75
        },
        "6,1",
        {
          "x": 1
        },
        "6,3"
      ],
      [
        {
          "y": -0.8799999999999999,
          "x": 0.5,
          "c": "#aaaaaa"
        },
        "2,0",
        {
          "c": "#cccccc"
        },
        "2,1",
        {
          "x": 3
        },
        "2,5",
        {
          "x": 2.75
        },
        "6,0",
        {
          "x": 3
        },
        "6,4",
        "6,5"
      ],
      [
        {
          "y": -0.1200000000000001,
          "x": 2.5,
          "c": "#aaaaaa"
        },
        "3,2",
        {
          "x": 8.75,
          "c": "#cccccc"
        },
        "7,3"
      ],
      [
        {
          "r": 15,
          "y": -2.28,
          "x": 4.75,
          "c": "#aaaaaa",
          "h": 1.25
        },
        "3,3"
      ],
      [
        {
          "r": 18,
          "y": -1.35,
          "x": 6,
          "h": 1.25
        },
        "3,4"
      ],
      [
        {
          "r": 20,
          "rx": 6.5,
          "ry": 4.25,
          "y": 0.15000000000000036,
          "x": -0.40000000000000036,
          "c": "#777777",
          "h": 1.5
        },
        "3,5"
      ],
      [
        {
          "r": -20,
          "y": -0.04999999999999982,
          "x": 2,
          "c": "#aaaaaa",
          "h": 1.5
        },
        "7,0"
      ],
      [
        {
          "r": -18,
          "rx": 0,
          "ry": 0,
          "y": 7.35,
          "x": 8,
          "h": 1.25
        },
        "7,1"
      ],
      [
        {
          "r": -15,
          "y": -1.4000000000000004,
          "x": 9.48,
          "c": "#cccccc",
          "h": 1.25
        },
        "7,2"
      ]
    ]
  }
}
