{
  "name": "QuadrumLabs Delta",
  "vendorId": "0x4C47",
  "productId": "0x0002",
  "matrix": {
    "rows": 5,
    "cols": 16
  },
  "layouts": {
    "labels": [
      "Split Backspace",
      "ISO Enter",
      "Split Left Shift",
      [
        "Bottom Row",
        "7u",
        "6.25U, 1.5, 1.5",
        "6.25U, 1, 1, 1"
      ]
    ],
    "keymap": [
      [
        {
          "x": 2.5
        },
        "0,0",
        "0,1",
        "0,2",
        "0,3",
        "0,4",
        "0,5",
        "0,6",
        "0,7",
        "0,8",
        "0,9",
        "0,10",
        "0,11",
        "0,12",
        {
          "w": 2
        },
        "0,13\n\n\n0,0",
        {
          "x": 0.3200000000000003
        },
        "3,14\n\n\n\n\n\n\n\n\ne0",
        {
          "x": 0.4299999999999997
        },
        "0,13\n\n\n0,1",
        "0,14\n\n\n0,1"
      ],
      [
        {
          "x": 2.5,
          "w": 1.5
        },
        "1,0",
        "1,1",
        "1,2",
        "1,3",
        "1,4",
        "1,5",
        "1,6",
        "1,7",
        "1,8",
        "1,9",
        "1,10",
        "1,11",
        "1,12",
        {
          "w": 1.5
        },
        "1,13\n\n\n1,0",
        {
          "x": 0.3200000000000003
        },
        "1,14",
        {
          "x": 1.1799999999999997,
          "w": 1.25,
          "h": 2,
          "w2": 1.5,
          "h2": 1,
          "x2": -0.25
        },
        "2,13\n\n\n1,1"
      ],
      [
        {
          "x": 2.5,
          "w": 1.75
        },
        "2,0",
        "2,1",
        "2,2",
        "2,3",
        "2,4",
        "2,5",
        "2,6",
        "2,7",
        "2,8",
        "2,9",
        "2,10",
        "2,11",
        {
          "w": 2.25
        },
        "2,13\n\n\n1,0",
        {
          "x": 0.3200000000000003
        },
        "2,14",
        {
          "x": 0.17999999999999972
        },
        "2,12\n\n\n1,1"
      ],
      [
        {
          "w": 1.25
        },
        "3,0\n\n\n2,1",
        "3,1\n\n\n2,1",
        {
          "x": 0.25,
          "w": 2.25
        },
        "3,0\n\n\n2,0",
        "3,2",
        "3,3",
        "3,4",
        "3,5",
        "3,6",
        "3,7",
        "3,8",
        "3,9",
        "3,10",
        "3,11",
        {
          "w": 1.75
        },
        "3,12"
      ],
      [
        {
          "y": -0.6800000000000002,
          "x": 16.82
        },
        "3,13"
      ],
      [
        {
          "y": -0.3200000000000003,
          "x": 2.5,
          "w": 1.5
        },
        "4,0\n\n\n3,0",
        "4,1\n\n\n3,0",
        {
          "w": 1.5
        },
        "4,2\n\n\n3,0",
        {
          "w": 7
        },
        "4,7\n\n\n3,0",
        "4,11\n\n\n3,0",
        "4,12\n\n\n3,0"
      ],
      [
        {
          "y": -0.6799999999999997,
          "x": 15.82
        },
        "4,15",
        "4,13",
        "4,14"
      ],
      [
        {
          "y": -0.07000000000000028,
          "x": 2.5,
          "w": 1.25
        },
        "4,0\n\n\n3,1",
        {
          "w": 1.25
        },
        "4,1\n\n\n3,1",
        {
          "w": 1.25
        },
        "4,2\n\n\n3,1",
        {
          "w": 6.25
        },
        "4,7\n\n\n3,1",
        {
          "w": 1.5
        },
        "4,10\n\n\n3,1",
        {
          "w": 1.5
        },
        "4,12\n\n\n3,1"
      ],
      [
        {
          "x": 2.5,
          "w": 1.25
        },
        "4,0\n\n\n3,2",
        {
          "w": 1.25
        },
        "4,1\n\n\n3,2",
        {
          "w": 1.25
        },
        "4,2\n\n\n3,2",
        {
          "w": 6.25
        },
        "4,7\n\n\n3,2",
        "4,10\n\n\n3,2",
        "4,11\n\n\n3,2",
        "4,12\n\n\n3,2"
      ]
    ]
  }
}
