{
  "name": "g Heavy Industries: Gergo",
  "vendorId": "0xfeed",
  "productId": "0x1337",
  "lighting": "none",
  "matrix": {"rows": 14, "cols": 4},
  "layouts": {
  	"keymap": [
	 [
    {
      "x": 3.5
    },
    "3,0",
    {
      "x": 10.5
    },
    "10,0"
  ],
  [
    {
      "y": -0.87,
      "x": 2.5
    },
    "4,0",
    {
      "x": 1
    },
    "2,0",
    {
      "x": 8.5
    },
    "9,0",
    {
      "x": 1
    },
    "11,0"
  ],
  [
    {
      "y": -0.88,
      "x": 5.5
    },
    "1,0",
    {
      "x": 6.5
    },
    "8,0"
  ],
  [
    {
      "y": -0.87,
      "w": 1.5
    },
    "6,0",
    "5,0",
    {
      "x": 14.5
    },
    "12,0",
    {
      "w": 1.5
    },
    "13,0"
  ],
  [
    {
      "y": -0.38,
      "x": 3.5
    },
    "3,1",
    {
      "x": 10.5
    },
    "10,1"
  ],
  [
    {
      "y": -0.8700000000000001,
      "x": 2.5
    },
    "4,1",
    {
      "x": 1
    },
    "2,1",
    {
      "x": 8.5
    },
    "9,1",
    {
      "x": 1
    },
    "11,1"
  ],
  [
    {
      "y": -0.8799999999999999,
      "x": 5.5
    },
    "1,1",
    "0,1",
    {
      "x": 4.5
    },
    "7,1",
    "8,1"
  ],
  [
    {
      "y": -0.8700000000000001,
      "w": 1.5
    },
    "6,1",
    "5,1",
    {
      "x": 14.5
    },
    "12,1",
    {
      "w": 1.5
    },
    "13,1"
  ],
  [
    {
      "y": -0.3799999999999999,
      "x": 3.5
    },
    "3,2",
    {
      "x": 10.5
    },
    "10,2"
  ],
  [
    {
      "y": -0.8700000000000001,
      "x": 2.5
    },
    "4,2",
    {
      "x": 1
    },
    "2,2",
    {
      "x": 8.5
    },
    "9,2",
    {
      "x": 1
    },
    "11,2"
  ],
  [
    {
      "y": -0.8799999999999999,
      "x": 5.5
    },
    "1,2",
    "0,2",
    {
      "x": 4.5
    },
    "7,2",
    "8,2"
  ],
  [
    {
      "y": -0.8700000000000001,
      "w": 1.5
    },
    "6,2",
    "5,2",
    {
      "x": 14.5
    },
    "12,2",
    {
      "w": 1.5
    },
    "13,2"
  ],
  [
    {
      "y": -0.3799999999999999,
      "x": 3.5
    },
    "0,3",
    {
      "x": 10.5
    },
    "11,3"
  ],
  [
    {
      "y": -0.8700000000000001,
      "x": 4.5
    },
    "1,3",
    {
      "x": 8.5
    },
    "10,3"
  ],
  [
    {
      "r": 30,
      "rx": 6.5,
      "ry": 4.25,
      "y": -1.75,
      "x": 0.5
    },
    "0,3"
  ],
  [
    {
      "x": -0.5,
      "h": 2
    },
    "2,3",
    {
      "h": 2
    },
    "1,3"
  ],
  [
    {
      "r": -30,
      "rx": 13,
      "y": -1.75,
      "x": -1.5
    },
    "7,3"
  ],
  [
    {
      "x": -1.5,
      "h": 2
    },
    "8,3",
    {
      "h": 2
    },
    "9,3"
  ]
]
	}
}
