{
  "name": "SKME ZENO",
  "vendorId": "0x2448",
  "productId": "0x0001",
  "lighting": "none",
  "matrix": { "rows": 5, "cols": 15 },
  "layouts": {
    "labels": [
      "Split Backspace",
      "Split Right Shift"
    ],
    "keymap": [
  
      [
        {
          "y": 0.235,
          "x": 2.6
        },
        "0,2"
      ],
      [
        {
          "y": -0.9849999999999999,
          "x": 0.6,
          "c": "#aaaaaa"
        },
        "0,0",
        {
          "c": "#cccccc"
        },
        "0,1"
      ],
      [
        {
          "y": -0.97,
          "x": 12.75
        },
        "0,11"
      ],
      [
        {
          "y": -0.98,
          "x": 14.75,
          "c": "#aaaaaa",
          "w": 2
        },
        "0,13\n\n\n0,0"
      ],
      [
        {
          "y": -1,
          "x": 17,
          "c": "#cccccc"
        },
        "0,13\n\n\n0,1"
      ],
      [
        {
          "y": -1,
          "x": 18,
          "c": "#aaaaaa"
        },
        "1,14\n\n\n0,1",
        {
          "x": -5.25,
          "c": "#cccccc"
        },
        "0,12"
      ],
      [
        {
          "y": -0.050000000000000044,
          "x": 0.5,
          "c": "#aaaaaa",
          "w": 1.5
        },
        "1,0",
        {
          "c": "#cccccc"
        },
        "1,1"
      ],
      [
        {
          "y": -0.97,
          "x": 12.4
        },
        "1,10"
      ],
      [
        {
          "y": -0.9800000000000002,
          "x": 13.4
        },
        "1,11",
        "1,12",
        {
          "w": 1.5
        },
        "1,13"
      ],
      [
        {
          "y": -0.04999999999999982,
          "x": 0.4,
          "c": "#aaaaaa",
          "w": 1.75
        },
        "2,0",
        {
          "c": "#cccccc"
        },
        "2,1"
      ],
      [
        {
          "y": -0.9500000000000002,
          "x": 12.8
        },
        "2,10",
        "2,11",
        {
          "c": "#777777",
          "w": 2.25
        },
        "2,12"
      ],
      [
        {
          "y": -0.04999999999999982,
          "x": 0.25,
          "c": "#aaaaaa",
          "w": 2.25
        },
        "3,0",
        {
          "c": "#cccccc"
        },
        "3,1"
      ],
      [
        {
          "y": -0.9500000000000002,
          "x": 12.4
        },
        "3,10",
        "3,11",
        {
          "c": "#aaaaaa",
          "w": 2.75
        },
        "3,12\n\n\n1,0",
        {
          "x": 0.25,
          "w": 1.75
        },
        "3,12\n\n\n1,1",
        "3,14\n\n\n1,1"
      ],
      [
        {
          "y": -0.04999999999999982,
          "x": 0.25,
          "w": 1.5
        },
        "4,0",
        "4,1"
      ],
      [
        {
          "y": -0.9500000000000002,
          "x": 15.65,
          "w": 1.5
        },
        "4,14"
      ],
      [
        {
          "r": 7,
          "rx": 3.25,
          "ry": 4.25,
          "y": -4,
          "c": "#cccccc"
        },
        "0,3",
        "0,4",
        "0,5",
        "0,6"
      ],
      [
        {
          "x": -0.5
        },
        "1,2",
        "1,3",
        "1,4",
        "1,5"
      ],
      [
        {
          "x": -0.25
        },
        "2,2",
        "2,3",
        "2,4",
        "2,5"
      ],
      [
        {
          "x": 0.25
        },
        "3,2",
        "3,3",
        "3,4",
        "3,5"
      ],
      [
        {
          "x": 0.5,
          "c": "#aaaaaa",
          "w": 1.5
        },
        "4,3",
        {
          "c": "#cccccc",
          "w": 2.25
        },
        "4,5"
      ],
      [
        {
          "r": -7,
          "rx": 12.75,
          "ry": 3.25,
          "y": -3,
          "x": -3.75
        },
        "0,7",
        "0,8",
        "0,9",
        "0,10"
      ],
      [
        {
          "x": -4.25
        },
        "1,6",
        "1,7",
        "1,8",
        "1,9"
      ],
      [
        {
          "x": -3.9499999999999993
        },
        "2,6",
        "2,7",
        "2,8",
        "2,9"
      ],
      [
        {
          "x": -4.449999999999999
        },
        "3,6",
        "3,7",
        "3,8",
        "3,9"
      ],
      [
        {
          "x": -4.449999999999999,
          "w": 2.75
        },
        "4,7",
        {
          "c": "#aaaaaa",
          "w": 1.5
        },
        "4,9"
      ]
    ]
  }
}
