{
  "name": "Mine",
  "vendorId": "0x4450",
  "productId": "0x0006",
  "matrix": {
    "rows": 11,
    "cols": 10
  },
  "layouts": {
    "labels": [
      "ISO enter",
      "Split Left Shift"
    ],
    "keymap": [
      [
        {
          "y": 0.1,
          "x": 23.25
        },
        "0,9\n\n\n\n\n\n\n\n\ne0"
      ],
      [
        {
          "y": -0.10000000000000009,
          "x": 2.5,
          "c": "#777777"
        },
        "0,0",
        {
          "x": 0.25,
          "c": "#cccccc"
        },
        "0,1",
        "1,1",
        {
          "x": 9.75
        },
        "0,6",
        "1,6",
        {
          "x": 0.25
        },
        "10,6",
        "0,7"
      ],
      [
        {
          "y": -0.6499999999999999,
          "x": 20.25
        },
        "1,7",
        "0,8",
        "10,8",
        "1,9"
      ],
      [
        {
          "y": -0.1499999999999999,
          "x": 15.25
        },
        "10,5"
      ],
      [
        {
          "y": -0.9500000000000002,
          "x": 3.1
        },
        "1,0",
        "10,0"
      ],
      [
        {
          "y": -0.8999999999999999,
          "x": 16.25
        },
        "2,6",
        {
          "c": "#aaaaaa",
          "w": 2
        },
        "9,6",
        {
          "x": 1,
          "c": "#cccccc"
        },
        "2,7",
        "1,8",
        "9,8",
        {
          "h": 2
        },
        "8,8"
      ],
      [
        {
          "y": -0.10000000000000009,
          "x": 2.85,
          "c": "#aaaaaa",
          "w": 1.5
        },
        "2,0",
        {
          "c": "#cccccc"
        },
        "9,0",
        {
          "x": 20.15,
          "c": "#777777",
          "w": 1.25,
          "h": 2,
          "w2": 1.5,
          "h2": 1,
          "x2": -0.25
        },
        "7,6\n\n\n0,1"
      ],
      [
        {
          "y": -0.8999999999999999,
          "x": 16,
          "c": "#cccccc"
        },
        "3,6",
        "8,6",
        {
          "w": 1.5
        },
        "7,7\n\n\n0,0",
        {
          "x": 0.75
        },
        "3,7",
        "2,8",
        "7,8"
      ],
      [
        {
          "y": -0.09999999999999964,
          "x": 2.75,
          "c": "#aaaaaa",
          "w": 1.75
        },
        "3,0",
        {
          "c": "#cccccc"
        },
        "8,0",
        {
          "x": 19
        },
        "6,6\n\n\n0,1"
      ],
      [
        {
          "y": -0.9000000000000004,
          "x": 15.25
        },
        "8,5",
        "4,6",
        {
          "c": "#777777",
          "w": 2.25
        },
        "7,6\n\n\n0,0",
        {
          "x": 0.75,
          "c": "#cccccc"
        },
        "4,7",
        "3,8",
        "6,8",
        {
          "h": 2
        },
        "5,8"
      ],
      [
        {
          "y": -0.09999999999999964,
          "c": "#aaaaaa",
          "w": 1.25
        },
        "4,0\n\n\n1,1",
        {
          "c": "#cccccc"
        },
        "7,0\n\n\n1,1",
        {
          "x": 0.25,
          "c": "#aaaaaa",
          "w": 2.25
        },
        "4,0\n\n\n1,0",
        {
          "c": "#cccccc"
        },
        "5,1"
      ],
      [
        {
          "y": -0.9000000000000004,
          "x": 15
        },
        "4,5",
        "7,5",
        {
          "c": "#aaaaaa",
          "w": 2.75
        },
        "5,6",
        {
          "x": 1.5,
          "c": "#cccccc"
        },
        "10,7",
        "4,8"
      ],
      [
        {
          "y": -0.7399999999999993,
          "x": 20,
          "c": "#777777"
        },
        "5,7"
      ],
      [
        {
          "y": -0.3600000000000003,
          "x": 2.5,
          "c": "#aaaaaa",
          "w": 1.25
        },
        "5,0",
        {
          "w": 1.25
        },
        "6,0"
      ],
      [
        {
          "y": -0.9000000000000004,
          "x": 15.75,
          "w": 1.25
        },
        "5,5",
        {
          "w": 1.25
        },
        "6,5"
      ],
      [
        {
          "y": -0.75,
          "x": 19,
          "c": "#777777"
        },
        "6,7",
        "8,7",
        "9,7"
      ],
      [
        {
          "r": 10,
          "rx": 3,
          "ry": 4.25,
          "y": -3.75,
          "x": 2.5,
          "c": "#cccccc"
        },
        "0,2",
        "1,2",
        {
          "x": 0.25
        },
        "0,3",
        "1,3"
      ],
      [
        {
          "y": 0.25,
          "x": 2
        },
        "2,1",
        "10,1",
        "2,2",
        "10,2",
        "2,3"
      ],
      [
        {
          "x": 2.5
        },
        "3,1",
        "9,1",
        "3,2",
        "9,2"
      ],
      [
        {
          "x": 2.75
        },
        "4,1",
        "8,1",
        "4,2",
        "8,2"
      ],
      [
        {
          "x": 3.25
        },
        "7,1",
        "5,2",
        "7,2",
        "3,3"
      ],
      [
        {
          "x": 3.5,
          "c": "#aaaaaa",
          "w": 1.25
        },
        "6,1",
        {
          "c": "#cccccc",
          "w": 2.75
        },
        "6,2"
      ],
      [
        {
          "r": -10,
          "rx": 12.5,
          "ry": 4,
          "y": -2.5,
          "x": -1
        },
        "9,3",
        "10,3",
        {
          "x": 0.25
        },
        "0,4",
        "0,5"
      ],
      [
        {
          "ry": 4.25,
          "y": -1.5,
          "x": -1.25
        },
        "8,3",
        "1,4",
        "10,4",
        "1,5"
      ],
      [
        {
          "x": -1.75
        },
        "7,3",
        "2,4",
        "9,4",
        "2,5",
        "9,5"
      ],
      [
        {
          "x": -1.5
        },
        "6,3",
        "3,4",
        "8,4",
        "3,5"
      ],
      [
        {
          "x": -2
        },
        "5,3",
        "4,4",
        "5,4",
        "7,4"
      ],
      [
        {
          "x": -1.75,
          "w": 2.25
        },
        "4,3",
        {
          "c": "#aaaaaa",
          "w": 1.25
        },
        "6,4"
      ]
    ]
  }
}
