{
  "name": "Glitch",
  "vendorId": "0x7033",
  "productId": "0x3568",
  "lighting": "qmk_rgblight",
  "matrix": {
    "rows": 10,
    "cols": 8
  },
  "layouts": {
    "labels": [
      ["Backspace", "Split", "Full"],
      ["Left Space", "Outside", "Inside"],
      ["Right Space", "Outside", "Inside"]
    ],
    "keymap": [
      [{"y": 0.6, "x": 15.75, "c": "#aaaaaa", "w": 2}, "1,6\n\n\n0,1"],
      [{"y": -0.55, "x": 19.5, "c": "#cccccc"}],
      [{"y": -0.9499999999999997, "x": 18.35}, "1,7"],
      [
        {"y": -0.6000000000000001, "x": 1.75, "c": "#aaaaaa"},
        "0,0",
        {"c": "#cccccc"},
        "1,0"
      ],
      [
        {"y": -0.8999999999999999, "x": 13.75},
        "1,5",
        "0,6",
        {"c": "#aaaaaa"},
        "1,6\n\n\n0,0",
        "0,7\n\n\n0,0"
      ],
      [
        {"y": -0.10000000000000009, "x": 1.4, "w": 1.5},
        "2,0",
        {"c": "#cccccc"},
        "3,0"
      ],
      [
        {"y": -0.8999999999999999, "x": 13.6},
        "3,5",
        "2,6",
        "3,6",
        {"c": "#aaaaaa", "w": 1.5},
        "2,7",
        {"x": 0.25, "c": "#cccccc"},
        "3,7"
      ],
      [
        {"y": -0.10000000000000009, "x": 1.4, "c": "#aaaaaa", "w": 1.75},
        "4,0",
        {"c": "#cccccc"},
        "5,0"
      ],
      [
        {"y": -0.8999999999999999, "x": 13.85},
        "5,5",
        "4,6",
        {"c": "#aaaaaa", "w": 2.25},
        "4,7",
        {"x": 0.25, "c": "#cccccc"},
        "5,7"
      ],
      [
        {"y": -0.09999999999999964, "x": 1.25, "c": "#aaaaaa", "w": 2.25},
        "6,0",
        {"c": "#cccccc"},
        "6,1"
      ],
      [
        {"y": -0.9000000000000004, "x": 13.5},
        "7,5",
        "6,6",
        {"c": "#aaaaaa", "w": 1.75},
        "7,6",
        {"x": 1.5, "c": "#cccccc"},
        "7,7"
      ],
      [{"y": -0.75, "x": 17.5, "c": "#777777"}, "6,7"],
      [
        {"y": -0.34999999999999964, "x": 1.25, "c": "#aaaaaa", "w": 1.25},
        "8,0",
        {"w": 1.25},
        "9,0"
      ],
      [{"y": -0.9000000000000004, "x": 14.25}, "9,5", "8,6"],
      [{"y": -0.75, "x": 16.5, "c": "#777777"}, "9,6", "8,7", "9,7"],
      [
        {"r": 10, "rx": 3, "ry": 4.25, "y": -3, "x": 0.5, "c": "#cccccc"},
        "0,1",
        "1,1",
        "0,2",
        "1,2",
        "0,3"
      ],
      [{"x": 1}, "2,1", "3,1", "2,2", "3,2"],
      [{"x": 1.25}, "4,1", "5,1", "4,2", "5,2"],
      [{"x": 1.75}, "7,1", "6,2", "7,2", "6,3"],
      [
        {"x": 2, "w": 2.25, "w2": 2.75, "n": true},
        "9,1\n\n\n1,0",
        {"x": 0.5, "w": 1.25},
        "9,2\n\n\n1,0"
      ],
      [
        {"x": 2, "w": 1.25},
        "9,1\n\n\n1,1",
        {"w": 2.25, "w2": 2.75, "n": true},
        "9,2\n\n\n1,1"
      ],
      [
        {"r": -10, "rx": 12.5, "y": -2.45, "x": -2.5},
        "1,3",
        "0,4",
        "1,4",
        "0,5"
      ],
      [{"x": -3}, "3,3", "2,4", "3,4", "2,5"],
      [{"x": -2.75}, "5,3", "4,4", "5,4", "4,5"],
      [{"x": -3.25}, "7,3", "6,4", "7,4", "6,5"],
      [
        {"x": -3, "w": 1.25},
        "9,3\n\n\n2,0",
        {"w": 1.75, "w2": 2.25, "n": true},
        "9,4\n\n\n2,0"
      ],
      [
        {"x": -3, "w": 1.75, "w2": 2.25, "n": true},
        "9,3\n\n\n2,1",
        {"x": 0.5, "w": 1.25},
        "9,4\n\n\n2,1"
      ]
    ]
  }
}
